<?xml version="1.0" encoding="UTF-8"?>
<project-private xmlns="http://www.netbeans.org/ns/project-private/1">
    <editor-bookmarks xmlns="http://www.netbeans.org/ns/editor-bookmarks/2" lastBookmarkId="0"/>
    <open-files xmlns="http://www.netbeans.org/ns/projectui-open-files/2">
        <group>
            <file>file:/C:/Users/td706674/MPLABXProjects/projet_tetris.X/main.c</file>
            <file>file:/C:/Users/td706674/MPLABXProjects/projet_tetris.X/mcc_generated_files/spi1.h</file>
            <file>file:/C:/Users/td706674/MPLABXProjects/projet_tetris.X/mcc_generated_files/spi1.c</file>
            <file>file:/C:/Users/td706674/MPLABXProjects/projet_tetris.X/mcc_generated_files/system.c</file>
            <file>file:/C:/Users/td706674/MPLABXProjects/projet_tetris.X/mcc_generated_files/pin_manager.c</file>
            <file>file:/C:/Users/td706674/MPLABXProjects/projet_tetris.X/OLED.h</file>
        </group>
    </open-files>
</project-private>
